id,course_specific_id,gender,year_of_birth,level_of_education,q1,q2,q3
f73a01971338c655814f1d03c906a2f4870ffee86373dc7c2f01af9ab3c6e8c4,9e076da5979f7e684d86038a9f887631,m,1967,m,[u'choice_7'],choice_1,[u'choice_0']
05afd53f77dd8ac5053e7eed37b14c0455966f6d15fbe0d4ff5862fdf96b3cf4,957f3c7d4bf7eb68220c4364f1ae58fb,m,1991,m,[u'choice_8'],choice_1,[u'choice_0']
ed049c4c732a1222bdbd8722e4a394f46db2ea76a3ce95e7052bc7a87271cd83,0bb87632429cfb33cf05b94e4dc78fcc,m,1966,p,[u'choice_0'],choice_0,[u'choice_0']
b2b5d046333b778c68a1a7ab40607461777ab040446ca41be138dca659d50907,8867dd5c9e36d1f0366d71698702ca16,f,1990,m,[u'choice_1'],choice_1,[u'choice_0']
f63c0f4de2718a98a1792f7b5f7c4f3158d0e77beeed49b95e46dfbad4a9f2d3,0e583ee763b8853ebadee69f511530c5,m,1994,b,[u'choice_2'],choice_1,[u'choice_0']
63498d787066d6c418057ec42ea4e1edfade30846f6a1c4e348cd8c84608f47b,613b31a6906be289eda396d013b5e7a0,m,1988,b,[u'choice_0'],choice_1,[u'choice_0']
4850fb8464b0a0a3a04e8cdf21f625ec51462639f1dbad6ae2cbf00ce3f5e0c3,3fe310496b4d090794f3d4e33ff031d4,,None,,[u'choice_4'],choice_1,[u'choice_0']
d299c2ba35509e4d69f6a847b00b8b55c3ce53cebbba61fd3686da51facfa137,e85b15c80ac3bc272d80f56611306015,m,2015,m,[u'choice_1'],choice_1,[u'choice_0']
bd37d4cb0ab680c9b5f6896dbfa36fd678573e8de71be93b557192e1e640f429,c0aa8c6dc06108b4ae56a7a469749487,m,1969,hs,[u'choice_0'],choice_1,[u'choice_0']
3510c47a77b07943f2cbf974df6bcaa4e9c14b1862a2a9bdd7bd0d0818217b6d,59819399ed4be027002862493ffd1a86,f,1992,m,[u'choice_0'],choice_1,[u'choice_5']
d6f17419d5277596e076581342643195ce060b7f45398b1726bfb7b30c6fa073,0b4c17563ef52f9ba6c64df80dff4e39,m,1947,b,[u'choice_0'],choice_1,[u'choice_0']
86dfd0c8d37d431fb0e10156d3ff1598f8d183d048847d887e612a356d54f1eb,cfaa319c7fe53891893b4f0246bf34c0,f,1979,m,[u'choice_0'],choice_1,[u'choice_0']
cd4472214ceccb391cd63b1faa7edd181e7d6f8fddebad59fb4d280a1bbb4c64,5d57f33533ecc71d4c3de0d101c65f61,m,1992,m,"[u'choice_0', u'choice_1']",choice_1,[u'choice_0']
411f9d9b38aab69dd0939084f83520bc3134d5f581f4bc3c9f7d5fe2d52f0bd1,99280c7cdcd162fe71e8afee4cb56f46,m,1994,m,[u'choice_0'],choice_0,[u'choice_0']
47bfe316abef2f5abedaf90f81a98747b80c0e30df353199b0d93945e6d7081f,71c8e32b0d2d71f56b21187ba551ea2a,,None,m,[u'choice_0'],choice_1,[u'choice_0']
138367ec8771a1254946fb29d56b49caf593d4ad8efe44395ad31eaf1e30f820,876b4044a1927d48f49d03efcf6de5de,m,1973,b,[u'choice_0'],choice_1,[u'choice_0']
dfab7a3a497902570f35c0bf1a99d050d6b855f5914f90e03fee772c97ea89b9,aaa3b2b9d82dfca7c273ca0843a07cdf,m,1991,m,[u'choice_4'],NA,[u'choice_0']
fce93234676cb25783edb1efa302ae23eba06ad5a077c06b00a1477266cc4e65,15ab2fb0f81913f4a823f36df482b61b,f,1990,hs,[u'choice_8'],choice_1,[u'choice_0']
52ce70e7dd9cf45933fa5b50bec841fa1addd2d5c7b04a6cf7540b6ee3068600,9ad748e71a362f24799a6c7d15c08789,m,1994,b,"[u'choice_0', u'choice_2']",choice_1,[u'choice_0']
7d55e62cddc6e158755d69524cf80922a8b7f8910fe71300142472fd6296d256,66b37447342fc97b887a2daea60afc26,m,1970,m,[u'choice_0'],choice_1,[u'choice_0']
ca31b889ae42b9e6391d3ad30b43231fbb83ff50fc4f59ba1fcaa8c4d73d7a98,6548b5700c1291c742aacfb6b109356b,m,1967,m,[u'choice_0'],choice_1,[u'choice_0']
8560b8dc9c26a9a9ff7c5c4d412ec8c99d7b5b4d5f39418145a9a974a69afa0c,5efd874b6c4f01750c28cb7f64f19f36,m,1974,m,[u'choice_0'],choice_1,[u'choice_0']
e51566c6d4195ad7fcdde8e3d1ed0e18ad177527f26c1602319d8e6e91087fe4,0b0e58a9ca4053c6ffd3191a19f4a354,m,1986,m,[u'choice_6'],choice_1,[u'choice_0']
62b411ac21f2d11353568fdd41d6d4361fbfbf3336b03d4669650098c2036eea,d0493f86d4a43e03b1376575debb121e,m,1966,m,[u'choice_6'],choice_1,[u'choice_0']
08d02fa442b579519e7ed99d20f2743742673200fdb46a0a378171f2e76e22c7,fc46c8a49b883cb245b2d882eb96420f,m,1988,hs,"[u'choice_0', u'choice_4', u'choice_8']",choice_1,[u'choice_0']
6e8f0b4489443a56250d03fe441c1496d022f44f81c6e0b6224f0edc5b1b5e6f,394a9777da15eb3285841870ea57c8fa,m,1992,m,"[u'choice_2', u'choice_4']",choice_1,[u'choice_0']
b119d8229d3c216c53681536837db23d736b2321a3341f3108a4bad3eede6318,153c71a82e8502d1328135a907d1c148,m,1985,m,[u'choice_6'],choice_1,[u'choice_0']
b7ee0d289b4671c4267ae228f5365032b272dbe09b73fb350fdc6d947d1343e3,ddfed3c9fde89c7ee00c2362e896015b,m,1989,m,[u'choice_0'],choice_1,[u'choice_0']
78471cb045cdcd7a6e61e5da408ae4abba01787d970b1a1f251b2bd98e39d2dd,21298e233aa3deeff38fe43d87d4fe19,m,1968,b,[u'choice_7'],choice_1,[u'choice_0']
c1067952b330ba3b7cfcb0b81d3a93073c53810e2408f1e8ff6ec819e7bf10f6,2817df16568c03468495b6758e05d67d,m,1975,m,[u'choice_1'],choice_1,[u'choice_0']
b33d2887258e96d80f4d2f6d1a83c67ac6e06941fc019ff8344eead217029ba4,6dc6b1d804fce462ef8585c91d6879fa,m,1958,hs,[u'choice_0'],NA,[u'choice_0']
5d3bd0d07aeb4818806e73be3a67668df95d14fbbad6961c24a0cde38fba9b85,e48bc46ea1f4b84c1eaa8a25fd17f7a2,m,1988,m,[u'choice_0'],choice_1,[u'choice_0']
1c8f495e29b06cf4462acb24586b9d7f206b98b5926b8b42c6586bdac8d82dd2,65292dfc24baf1c854471007785db141,m,1981,m,"[u'choice_0', u'choice_6']",choice_0,[u'choice_0']
d5739afe2a205b2bdc0826cf64a309d23aa91ba6c316512b2b70fe19dd798033,f225ef6fbec24bcc126257b6c801d61a,m,1976,jhs,[u'choice_0'],choice_1,[u'choice_0']
a422ba372887170c2ac33d7261761d2a4b4302d3432ffda52d9f21fa0bc2ba03,05febb0e676a29f0c4d947b7d346f67f,m,1987,m,[u'choice_0'],choice_1,[u'choice_0']
4a0f0de156da82c38844810736d185e784bf716d0aaa601535a3d56b6b4905a5,670f3b7175c34f2fa367680368554cf7,f,1986,b,[u'choice_0'],choice_1,[u'choice_0']
fa343f01f72002a5c4a03459bd8e230eec702c2adee03f3695d6ef21cd9f2775,51dd7791aebb4841e23f2c2f7b3af052,m,1963,hs,"[u'choice_0', u'choice_4']",choice_0,[u'choice_0']
cabe8dd840739302a2be34e3ced23bff9865c0ad4fc24595686f22bb06fa8fad,20abbbb6049a89ebdc37966f3cc9eb9e,m,1984,m,"[u'choice_0', u'choice_1']",choice_0,[u'choice_0']
c79c5e2a92f5902375ec88dfaf5534319d949df23bf1ac2ab02f5eba998b5e24,c59a60790e0440b56de5f04d8f204ea7,f,1979,b,[u'choice_6'],choice_1,[u'choice_0']
d07631b5c55a25eb7d50bb599ff14b391ed83a2f2a7fc5a2b1f8d8e67a270349,de092bc0d6f8a1f73db00b411e169740,f,1992,m,[u'choice_0'],choice_1,[u'choice_0']
26112959134542b6a152e930d018927ca328a2f5f59477ce78551add79ab34fa,4af83c456f2e90c0812a30be51c0a169,m,1957,m,[u'choice_0'],choice_1,[u'choice_0']
3e1378bcce2c0f933f4599a405b0670ba5c6610fc7e09b4a3c3a3289d9288cb2,08f04630cafff74a0b8f9bfc46b7d5d1,m,1966,b,[u'choice_0'],choice_1,[u'choice_0']
b48d1cd398e9b8cc13f10cb3655a2a2389420f45b6d0ae841b4254eb4b6efe83,ebaa1313fb3573da06349c1585b136a9,m,1979,jhs,[u'choice_6'],choice_0,[u'choice_0']
180946abc336dded445661f5d909f7ecbf6ded849c884915b830b9ed4361386f,c44cb359fe6fdc77d1713c81e30d5ff2,m,1976,hs,[u'choice_8'],choice_1,[u'choice_0']
96a2a27ff99acc4b675e71ec45a9a47fd1afb7588134f11f0b258eb566632298,93458cfc9ed46ddaec8766818dbd72eb,m,1985,m,[u'choice_0'],choice_1,[u'choice_0']
817f4b10e26827df217b1758a58d3c461385d33682cef4d7b5f734e18fd4e959,cacdb79bd30034b892b5360e86c955d2,m,1980,b,[u'choice_6'],choice_1,[u'choice_0']
39f5e37d8f3f029a388e822d3eae6637b1938da181cf1210304f5ac5e74b7732,49f89f37486101becab3128c763d9596,m,1958,b,[u'choice_2'],choice_1,[u'choice_0']
c2927e3ce5079b059e8005d06db289f94d79337d5ce2e59aba795fe87f00d617,28b356758fb35cdf99f6d64885bf32eb,m,1979,a,"[u'choice_0', u'choice_4']",choice_1,[u'choice_0']
5bd71c3a24620e06be44151a651d3d5ebf3839cbbd97782ffe80b9218e7b8c0c,93c4f415198a9b6c89183a43baec8301,m,1982,b,[u'choice_5'],choice_1,[u'choice_0']
1053dda92ef5149d6f79be45fcfa1fc939b571651877bbe7558a54a99185986b,0d7ccd20026bcfe0318446e61725af99,m,1986,m,"[u'choice_0', u'choice_1', u'choice_3', u'choice_4']",choice_0,[u'choice_0']
b6cfa018037b872ac06e697f163b6c6202fd582ddb27ce4518b382a22fd279d2,16ee5cabf7aa30014ba6b1869e528f88,m,1981,hs,[u'choice_0'],choice_1,[u'choice_0']
064bbf1fd1274f7e8571d2003dd5956c6ee7c02fd6516f91d0e3a63db6a97db9,e21917603442defc43a01ca005fb17df,m,1987,a,[u'choice_0'],choice_1,[u'choice_0']
ba61c215f90e4b15e3821087872ac25c1b13e8a26443deaca8526714dd55a160,3f1dc3532a3204a246ea6a3deed756d0,m,1973,hs,[u'choice_0'],choice_1,[u'choice_0']
fe57ae7421c3902f2feb37f27b7c7868220deec9de1e69732e60b55c63e06424,c09f87ab9bf486e8a7519e8b8497432e,m,1987,m,"[u'choice_0', u'choice_8']",choice_1,[u'choice_0']
476fe9bb78cb709babbded931330c5ceb88bd4b5d33bc91034c2fb215fbdc3e4,acedb6919df082ea4ea9f108bc89e486,m,1965,hs,"[u'choice_0', u'choice_4', u'choice_6']",choice_1,[u'choice_0']
43bbeeadc6218915aa74f64acec791a074c31d5782d1cf7c9086eacc5b5c6d65,59acd820083fddab753aff4307ee71d0,m,1982,m,"[u'choice_0', u'choice_1']",choice_1,[u'choice_0']
b193795935bfa47b30e69b3638f1e2342971547bfe08bdd5a6750dfc3013331c,3f4e89cf11dd7d61236ee081a4cc37b9,m,1994,b,[u'choice_0'],choice_1,[u'choice_0']
4ed6edb4d811a2a28d195eec2825947fd2c73b0b3c7a3572b4774fa675dccdb6,5a3a8d468f534db7e0a40b46084d92bc,m,1985,hs,[u'choice_0'],choice_1,[u'choice_0']
af88713c13921b3dfab7bb7eba8209df080d2e37f9ca8354c0177e2a7f3c6aec,04ce92886943e347561ca64269ac21b3,m,1962,b,[u'choice_0'],choice_1,[u'choice_0']
9851553b9a6a26778c453ac65cadc3e5161a4cb2adf4f476e45d96ae66d6fdad,f30e953940a0e11c8145ecafe37b8878,m,1971,m,[u'choice_0'],choice_1,[u'choice_0']
35496d479ce584cbc80ff89e00e98ec1d8feaf71180cf69e9225a9c187d00c93,7484d029409fd4511b1620acd67caea8,m,1988,a,[u'choice_0'],choice_0,[u'choice_0']
5c5f75ef7e1bf45831a4db7a2b703e8d5b5ebdcf364d71e122c7a8d22f1f6bdc,60846613b2c1a7fd09715aee958869e7,m,1986,b,[u'choice_0'],choice_0,[u'choice_1']
b974d7227aa233f2d8576067657345edf1296db2e0fd1b7a81f923defbd2472e,b7d9f1b7fa707543cca3e480d3f32fd5,m,1995,m,[u'choice_6'],choice_1,[u'choice_0']
e4e59914437f4a6df607b515f72e71f50889aea1d7bfebfde4d0ff5f89b33fd9,9ccb3efec732253a350d4f5d1da14d1e,m,1983,m,[u'choice_0'],choice_1,[u'choice_0']
b4c39436c818bc65fa2cb14f11896165b134cf27907ef3e0b57c2e186a9068da,a1975dd7fb223c2ce6a1481434acf4f8,m,1981,m,[u'choice_0'],choice_1,[u'choice_0']
87a07b44613f1df6ff36de90a8ae0eea8eca2b9158233658a3ccf4cfff76ec30,adde68ae5b4ce1cbae5f287f21b260f9,m,1964,other,"[u'choice_0', u'choice_1']",choice_1,[u'choice_0']
548e3252b52b0c37677a4d23c9a5f9cec4dfb32c6d074d458b4118a04eee2fc8,0f29a6a4e21494b4b446d25ff36f5cb1,m,1988,b,[u'choice_0'],choice_1,[u'choice_0']
f0113da0709dfac61ddf1d25ba8b7f6f31d74bc73d9b5469f1a116745e7c3bfe,4b9d31e1623ce82b5ac01356f8ddd1ac,m,1967,m,[u'choice_8'],choice_1,[u'choice_0']
e09d1461f47390d8c913478127c60bbf079090da48b1f75efd2e33a21cc47ba9,b328ae4233cfd8a1e13f3d3697953dae,m,1976,hs,[u'choice_4'],choice_1,[u'choice_0']
9d60155b7c461cfcef9d84fc097ec4d165c8dc01b761376c1dab82f6edb713b0,4edcd295c6957d0988e61727918c223b,m,1988,hs,[u'choice_0'],choice_0,[u'choice_0']
c8cb510d94f69d109fe0f1fffd3a82ff3824dc4b2e65a68eb08bfa17f52da2eb,aa62ca8f6d3d3fbfcbbc300ae33eba3e,m,1992,jhs,[u'choice_0'],choice_1,[u'choice_0']
da106ce4aa0b43e780dc07aea22987088661331f0164a2d82d28120b03571887,4acc1e33977d1757347528f5aed27b94,,None,,[u'choice_0'],choice_1,[u'choice_0']
e47e481a4af4306cb1b8c36a1976b944716a6f43406382820c674a7c902706be,c0516b6d959db58e1283cca5e67ddfe0,m,1976,hs,[u'choice_0'],choice_1,[u'choice_0']
1547735b6d78f24b66b1830432534e72946e749861e25cd286f4b62ba8d1dbe6,5d0ea2c268387685bea274fe578e7534,m,1994,b,[u'choice_0'],choice_0,[u'choice_0']
60ca5f845b75e33e820e5980dea94ab3eed5913deae0ac1e336269fda452c5fe,77527f45ab673355858e5493f2ad2e44,m,1974,a,[u'choice_0'],choice_1,[u'choice_0']
e308cef61cabd3bd5798151809f8b369f7ca827665cf72e8889c6d5e04f0e16f,176576f482e16624ffbbb5c8f6435b46,m,1991,b,[u'choice_0'],choice_1,[u'choice_0']
b050330dd47cb5c6ccf18cba4dc84ca3167dec7d5c680f6dfd003ec6fcdbdc16,e9093c2f0307a73be40bb7a61328b03f,m,1990,b,"[u'choice_0', u'choice_1']",choice_0,[u'choice_0']
c51b009494232f010f2617bb707e9e8ee27f392a734c0f13d8bf8a86494210cc,5c780cd92c76e20e548523540de821ce,m,1983,m,"[u'choice_0', u'choice_6']",choice_0,[u'choice_0']
cbf1d558e97e6804ab1c18be17158d0fb410a58e4314a640c7670ba68a21804c,5d64406cee742557e0e1be0cacef5f40,m,1991,m,[u'choice_0'],choice_1,[u'choice_0']
132487d7c9a9377dcb94f5111fc1fe1c560c64e33596d47c6364df997c219311,88ce504ff791e765e865322b4b15fbea,m,1980,b,[u'choice_8'],choice_1,[u'choice_0']
b3d79298fc730455c7101c72fc1f18a323b2a2798f04cbde3bbb85e46a756cbd,289a291a02b30757598e110179cdaece,m,1973,other,[u'choice_0'],choice_1,[u'choice_0']
7c8847511cfa9dc2dd60375828ef01c297191755ce45c594b41a67ff6436c7cc,a44653c7a8dcecdda019ca9ae306fad3,f,1974,p,[u'choice_0'],choice_1,[u'choice_0']
d4e183d13ce2189aab20693f5500b738fde55421f21d51242bb9425e2ee9e834,549d931d01a104bbc8d0c34b2ccc8021,m,1971,hs,[u'choice_0'],choice_1,[u'choice_0']
0df162732fa4418ab68c6dd81ba069b36a5f3ec5a3ffac662277164141cd933a,a49e2fc8135a03b71ed15c16592bfc49,m,1958,hs,[u'choice_6'],choice_1,[u'choice_0']
405eca063f7cde203b116e14a4e1faff19f29f89781585a002cbe9c93a91d0e1,5c696ddad5b65ee028fe0213fa00febe,m,1964,hs,[u'choice_0'],choice_1,[u'choice_0']
e1bf238f92b0313ef7d16e363a88f35189003ba38d370b9ed064455bb78f3957,455d0888992b7e87a7b98c972b0e3abc,m,1964,hs,[u'choice_0'],choice_1,[u'choice_0']
4433b407ad6f48df767ff60e2eeb1088cffa77be5901f193666be61e27b914a9,fa66016bb85e3457477d5754da08dab9,m,1989,m,[u'choice_0'],choice_1,[u'choice_0']
e442175b0c83e4983419c5625e925cf7f6775cf0ff234105e7ee3408bba49abc,10567c3d6c92b9a91d995d9afb57c86d,m,1981,m,[u'choice_0'],choice_0,[u'choice_0']
50791f30b95f11c873bc9f1aab3124323e58762d7c04cfcd69f7ab6a957313c6,55b822ad50ee4da47760081486f41f9f,m,1985,hs,"[u'choice_0', u'choice_2', u'choice_5', u'choice_6']",choice_1,[u'choice_0']
b44ab1ad0b5fa54eb6a90baf85633f317f20976d870a23c9e535b32768fb984d,5363c383afb3e77a62fa92c3b68cbe81,m,1945,p,[u'choice_0'],choice_1,[u'choice_0']
504a13458ef0b38e4f6a52bb40f12bbe77f4cf3d77d0acfbe3d2e2d672529ee5,30cda866669cd53f267978cfaed847c7,m,1978,m,[u'choice_4'],choice_1,[u'choice_0']
e817c784cbb439aee52a6a08890190ff61efc9b2324761af23ae0175f374ffd0,b0cd68663ad45f8925607700cfe2aa26,m,1989,b,"[u'choice_4', u'choice_6']",choice_1,[u'choice_0']
c393d40e9e2a8bda7c1e83d7d8a93d6cad38567e2f99ed2486e38e455c00e551,ff57073304b5ce5b7828672fc1ab0367,m,1983,,[u'choice_4'],choice_1,[u'choice_0']
9687a7be5299210f28350aeabc3501cf4d752043422358e0d13970681ccd606e,df0db3efd758cbfc0537f96b495047d3,m,1990,m,[u'choice_1'],choice_1,[u'choice_2']
97130cb11b75b4d6493ca55dd10fd49d90037753486df2e3490cb6342aabb4af,8b3b9c5795d13d2085c20c12d5988d30,m,1990,m,[u'choice_0'],choice_0,[u'choice_0']
1d0a85f5ebcc8dea162d36757fac2f0e7054e8ba99ae1c5d6dd83197116a59be,3bc1cf4ffa758c563c0ddb8d0107adc1,m,1966,b,[u'choice_5'],choice_1,[u'choice_0']
d51a63dbaf836c5bf584d3d876c824065caa00a6609225d58adc3ffc8f869778,8b918d048906a32d0bdff0bd66213b3f,m,1973,m,[u'choice_0'],choice_1,[u'choice_0']
caf3aca1534c554d9653cf622277753df57bc3361ae65b6a91439d5d22708741,00ff082cd3c5788f13a58eb6552720e0,m,1985,m,[u'choice_0'],choice_1,[u'choice_0']
44223ca878750ecd844b17e17d6777892f03d2b6c9bd5bf89d2e1a2c40ddf6ff,ded7d7ffc317653eb1b1c15e48e1d62f,m,1971,m,[u'choice_0'],choice_1,[u'choice_0']
901c98deeb0b8997f539c7120bffffa158f5cdf7650a15435afd6922552a2948,05560ff19f839575c6caf28525200e67,m,1971,hs,[u'choice_0'],choice_1,[u'choice_0']
b95f74cc5c27922896cb6b729a52310e4b2dc385335eaa4a5d7b971781558a28,3f50a1897c2bce44ba5edb91927282db,m,1994,m,"[u'choice_4', u'choice_6']",choice_1,[u'choice_0']
18817feabc9a97ffb9a8e553e5331b747844ce8ba01ef449482bc99bda1f1680,7ad8cea0e783a5726cb42c0cb3f04678,m,1984,jhs,[u'choice_4'],choice_1,[u'choice_0']
2d94e760fe7ee90fb30c2396b8fa56957a9d64b0b0a99419952630b75bcf62d8,61264af74de37a605e614e8562da9263,m,1978,jhs,[u'choice_0'],choice_0,[u'choice_0']
1d59e8cea61e8f45c9993bfacce5fe87a9620506d8fdc54dc5f5a452c4916370,c3a567965cb624bdf28dce00a67e6577,f,1993,b,[u'choice_0'],choice_1,[u'choice_0']
c286c687a489882713ec1e33718c48c3b83b8101d946cee9df827e6d2804dd23,de25b6751842535224bb4b972e0208ed,m,1982,m,"[u'choice_6', u'choice_7']",choice_1,[u'choice_0']
2ab7553dc550d45dff48ae1629332ff10a3c31457f9596a6d8e03b055aca3996,4fd6b1b3b87f435d9f8487992d91a0e2,m,1985,m,[u'choice_4'],choice_1,[u'choice_0']
2d76bc0074439c2939bd1ea9d82cc511fd11d63cffa374cb76db5b67255f04cc,090f3dbcf9dc1fcb3f25823875ca522f,m,1965,p,[u'choice_0'],choice_1,[u'choice_0']
3647f0800fa93bf12e990e8e774d584e494586c1841760784288a8164ae557ce,fe330acfa7a510f5b4819098b6f9620c,m,1984,hs,[u'choice_0'],choice_0,[u'choice_0']
cd76408e493a7cdf7d7586204f8217479a56c26cd65f26787345cc42d03702f1,da6bf4af311e4fdaa4161f9c44b3d40c,m,1993,jhs,[u'choice_6'],choice_0,[u'choice_0']
0afd3dfc6e2c74ebc53653743ce4e4fbec2d305ab4e014cc2f858dcb08167d89,deeacf6f10d0a3e430d4258167205cef,m,1977,m,[u'choice_0'],choice_1,[u'choice_0']
c390f6b8e2b53dbc330a07fb660acc30170e87deb747bed229363b542571a474,a11e25637f68f82d7632611181280265,m,1975,jhs,[u'choice_0'],choice_0,[u'choice_0']
29a5bae63b2b7bb9ffcc212d271ec5c50c9cfe43881e921d6c1a3c75aed0f680,bbec6b59f9a6fd6d3a7467623b3c51ce,m,1985,a,[u'choice_0'],choice_0,[u'choice_0']
f0d26368493bf007f977e2494c02a558e3061574780c339afb376c10a106c31f,317bcf5e4502daebbbfab50d1a802aab,f,1992,hs,[u'choice_0'],choice_1,[u'choice_0']
56a36a7b0f34f89117a283136ce7090f132ca14f0107f65003c7cff5f8ae3345,062259371b79ade1be5a9c9c80c1611c,f,1993,m,[u'choice_0'],choice_1,[u'choice_0']
cab2650a023ffdbc49230f9070c4fcdd2c0f63d3d7fca4240a31f5e58624de5a,df883fa819daead8811b97a99f080858,m,1988,b,[u'choice_0'],choice_1,[u'choice_0']
d4eb6f3873f99838887116f60b0a7674e8c7a9aa1a6e2cfc5014667ece130f1a,03f078837d23f295d32a198d254c9b62,m,1967,b,"[u'choice_0', u'choice_1']",choice_0,[u'choice_0']
99e1ced04fa042a0520d6a865738476b957e6597f60ece0511476b1f36d47080,58c118d782df9e5eab3ceedabe52e29a,m,1990,m,[u'choice_6'],choice_1,[u'choice_0']
766f05fe4f2d01cce3bd7ced3ae0312cc88eb40a0ebe0dd8a626575e28290b37,4678f7056196f44544ab8d8e76c3d429,f,1951,b,[u'choice_6'],choice_1,[u'choice_0']
8c27a3b4f8af197c4bc29aea2799d0388b6339689e4e5126922f7996d8b80f98,a2e897771068e2f3c38b91994e74f1d0,m,1992,b,[u'choice_6'],choice_1,[u'choice_0']
4ce19d83125bd1fbd042f4ba7e8a3b397e14bc2d44be171e49ebd5436aa044e0,df1b5fd0d03ea41d0054ffbc4a7a801e,m,1962,m,[u'choice_0'],choice_1,[u'choice_0']
4d44f9442f6a60804a4d75a36f8e7104f136d083810088d086b8148f0162a982,3b6d28f6dc602d52fab16b2cb72c83e2,m,1988,m,[u'choice_0'],choice_1,[u'choice_0']
97e64738909b6ab4e7e44566c4bf068786a75695b2125e66fffdfb42a47736ff,b0829e35b1fd37202faece9d6165e251,f,1977,jhs,[u'choice_0'],choice_0,[u'choice_0']
998146b2a26da6bce981a307896063ea68c9d48005a97aba47e6179b214ec8aa,4f783eadfa01504c0f034bdc16aca99e,m,1986,b,[u'choice_6'],choice_0,[u'choice_0']
4f7b8453c9f611b1e88249e33c5e3b6ad998bfccaec86946d8a945e635d2600d,b21dcccf1f62232cfbe562f6226e61c9,f,1973,jhs,[u'choice_0'],choice_1,[u'choice_0']
df5cdf911a4c8b0fd2c2030169a8077168c6cf56129f0c9b1f3e0a60e58fcc13,bfb7aea37bb24198e4335b625ad1705e,m,1981,b,"[u'choice_0', u'choice_2', u'choice_4']",choice_1,[u'choice_0']
0534593711ed557adbf33e765759aa180b2a505317a60a05628891f133d62c93,5fd309de5c50779ffee15fdf2964fc22,m,1973,m,[u'choice_0'],choice_1,[u'choice_0']
68c7110a7a55d3d5e69165081a9d626e669e6dcb7e8777d5c3a12fa864c02fba,05ffc07a3b1cccd470782457464b442e,m,1989,b,[u'choice_0'],choice_1,[u'choice_0']
d0978d84bee9aa7d78add92c02b6801ddfd54ad6a917aff6e28df2a0f37ed27f,42ec3157734501d58646cc6ce2af3f9f,m,None,,[u'choice_4'],choice_0,[u'choice_0']
479b3528bf06d620ea81b9be41d4ada8d051cfb15f6ad22314f6cf1bd8e4ce5b,9bd68f3d0931a08df61e5325031b5cd3,m,1988,other,[u'choice_0'],choice_1,[u'choice_0']
1a28adc6d558a07d8c1b872323bd94f9e0c2c4ed9e63ffbe053298a28adb1cd0,e9caffea798e6a6ddf0ce50c3102012a,m,1965,b,"[u'choice_4', u'choice_7']",choice_0,[u'choice_0']
88350ef31c73efd1be9209f4f1ae0805f10cfc5fd2b49d0957ba01b31f564346,9af5f68f3ab8f8935308a9ae548bee8c,f,1993,jhs,[u'choice_6'],choice_1,[u'choice_0']
d5b66c814837ef021817278fa95b997bd73d483824770e58cc2342d0f039e1b3,24d3f33195bb64d0a21687bda8e437d3,m,1986,b,[u'choice_0'],choice_1,[u'choice_0']
9253e53713f60dbcacecf875b0e3c89354849f80b5649147b31d479025161fe6,48debdc6de17c5b2372d4c65f0fa494e,m,1990,m,[u'choice_0'],choice_1,[u'choice_0']
63450e77ae3c07d10255a65abd7a2173ad27a6c3f030b52b864ee71dc7da2592,68479634ebe4ed1c5563eafa02268abe,m,1992,b,[u'choice_0'],choice_1,[u'choice_0']
50a701eea0bfcc8286144537c27d0f3c02d7420d778099929ebbc64be7b7f876,5d9f274512b8e5d89461a34508b853a6,f,1963,m,[u'choice_4'],choice_1,[u'choice_0']
723a1ed60a932916e992dd5a4f5680069b491dc0e9e39fee73a806487aa9fb5d,6185e8055aa73f6817a35b728e2003c1,m,1988,b,[u'choice_0'],choice_0,[u'choice_0']
05e8b3d72aee445e52e422eb817a37cee90cd7bac8639105f222cf51c1406c30,5be652fefbca1707bb73808e827ad124,m,1993,m,[u'choice_4'],choice_1,[u'choice_0']
d48dab90b74d6bf2a119fe2bb0454bade8357a284975e6a176c949dc9daa836e,f81911055aeb5c24e2993d3434f6f95a,f,1991,m,[u'choice_0'],choice_0,[u'choice_0']
7c3e65ca5da37f22e8f156e7fc61ec4e23f0e69704cc1dc9665c729be33f0f46,e671775316e61a1410a3d4783561cce8,m,1980,b,[u'choice_0'],choice_1,[u'choice_0']
f4de89c67ce471cbd4fe538f0b6c58493bc133ac613d779693300e113dba8db1,bade6cbd556a37948cbca2c24029eb35,m,1980,b,[u'choice_6'],choice_0,[u'choice_0']
8781e951c9be07c526d529ef5cce6c6f9f1202bfb17f1e5710689c78e90b7c2e,26934f4eccd2839965e831964653229d,m,1979,hs,[u'choice_6'],choice_1,[u'choice_0']
e84daf1bc64544dd9c3312cd747a16d800bafa2ccdef56d280be5255b150ce7d,6ba89e21b9fbf0a17a677c27d6ea802b,m,1989,jhs,"[u'choice_0', u'choice_2']",choice_1,[u'choice_0']
3ca80683c0c9b6d87ee6c54995985ab35a5b0021e84d1da197cc4f125cf6282a,fb42102aa759ba322d7902fbb3bdc744,m,1977,m,[u'choice_0'],choice_1,[u'choice_0']
4dd3e6541433ebcd3fc2197376f1cd81ea4a2f268a37b1ccfbf9b1f11dff2766,55847f9c86bb160a32d5d08c339f84ec,f,1990,m,[u'choice_6'],NA,[u'choice_0']
041971d34c2652bc45e52e731a23b1d488314c3ce584142a35e245abe58c3e70,a1396a94e775a6974cd6f1dbaa3a0e8c,f,1988,m,[u'choice_6'],choice_1,[u'choice_0']
efc5d844e60fe3876af5955dee01b0c774ba75ac8876c6725213dd6d149a059d,6d2f3ff410ee78417b06a104583acab0,m,1976,m,[u'choice_6'],choice_0,[u'choice_0']
3337f2d2b60b95cedfb2e975702c0fe19c8083c6e4e3160ce9f4771640346c78,ce34ab082c505940f5a6abdd73665bc8,m,1963,m,[u'choice_0'],choice_1,[u'choice_0']
123f0ed92a721ea9730e787e25d9ebcc9679d58072cdef6a8d8965bfce062ebb,a292eb2c7526049e32d3ac7417e6b28e,m,1993,b,[u'choice_6'],choice_0,[u'choice_0']
e159e7c54d71cacb4964e80239991ab0b7037dc99faea9058142bfe75c3ad129,e2f1cf63f8f52116e62d8c3a84eeb154,m,None,jhs,[u'choice_0'],choice_1,[u'choice_0']
01c1c57b08af53f8077f366700856b7350aa6cfd7d8f46298a601e77d391d8bb,5760806ee98bbc53df2a344aaf9fcc4a,m,1963,jhs,[u'choice_0'],choice_1,[u'choice_0']
b7ef6de2ab5cd69d23a2c9973d93bee2fce5b94f3e2d73095666f41ffa6e2a2b,e017c82a80e1f6dbdf108342404c87e8,f,1991,m,[u'choice_0'],NA,[u'choice_2']
ee786f7bbc5dca8afdb0ca4e5214fd6597714c83353fa3353e8b77c4d9458165,aa690629fa5b286494d67bc456b9929d,m,1968,jhs,[u'choice_0'],choice_1,[u'choice_0']
3d25e97063880b1031baf42504782543b0c5885e3548c2ea94a03de8a9db0d25,11399a8954c6a4f2702a77e235d8633e,f,1979,m,[u'choice_6'],choice_1,[u'choice_0']
e179ea74f4f5490d8e394adaa4419fbfa4a3f4d257d15eefc6c2ab521607ea31,2ef570e0eb64060f7578f5f09b8bf696,m,1983,m,[u'choice_0'],choice_1,[u'choice_0']
5f695297ffd310868f85da4b33a3aa5ffd50d17533dccc1553b0b0fdefa4d285,1d8f7ab3416bc46d054e4ab9a7055f2b,m,1989,m,"[u'choice_2', u'choice_6']",choice_0,[u'choice_0']
c5a9289618261b87518177e50d718460a513e6fa71a495d11d3a8515b428cbde,3a1ceaa5262e261e9e4d5f7bd2b466f5,f,None,m,[u'choice_8'],choice_1,[u'choice_0']
215d14a5d8e9f1f9486387ef0a113c0132ef13ad3c00b79fdce809cd2baf424e,d1e6cf494ce9cbb111a14009fa35b019,f,1966,m,[u'choice_0'],choice_1,[u'choice_0']
c7ca547fa15eb2d15f0c40c0e67cca1a18efb909ba7d3c409d9da72046b9deee,3f0cb5bc60895c4ec9607fafd4631ee7,m,1967,b,[u'choice_0'],choice_1,[u'choice_0']
ce60758bcae94d18adf3d83c4619d1f14af0f169eba78c20981e4073190d485e,5ff52af3b9d55b8a58fc18ff32550bf2,m,1994,b,[u'choice_8'],choice_1,[u'choice_0']
28cf9a6010199b6c4e2dd21480d03635bb7c60b337401d23d72bf22e941f7442,832a653118ebdb636c217152bc64f71e,m,1980,m,"[u'choice_0', u'choice_1', u'choice_4']",choice_1,[u'choice_0']
357d1a55914d00466122dc1bc90d729453508bcd978c8db33e7bdd290ee36339,1c1a5c7249dad0eb25228a53a07ad6f8,m,1989,m,[u'choice_6'],choice_1,[u'choice_0']
6d5633c893f7a1c12d8f911429ed8055aa20b746aa194687499c470f332238f0,3c903541bddfda7e0e7131376a72132d,m,1963,m,[u'choice_0'],choice_1,[u'choice_0']
e698a13caaafb9d3fdd173009174e841ee08d3a0d031b8a865ad25bfa1076dbc,fe1cfaa8d8aefe946ef6b0af1a3d88ca,m,1989,b,[u'choice_2'],choice_1,[u'choice_0']
ae072a9f298503e4933593ca3fc869551714233ffc3629074a59129d4e41c772,175a0abe4dfcd96387942241bc1e1fad,m,1977,m,[u'choice_1'],choice_0,[u'choice_0']
a150397baf569b952989fe4a92fed1e57a50d6233c9f2bbfc19a5ab9aa604fb9,91abdabe20345a8f29275d78c2183023,m,1983,m,[u'choice_0'],choice_1,[u'choice_0']
75f12d6daeaa1cb07d2f12110cea3017da7da72a50967c965305e6ec7992f364,07b44f9238f2c63d827534a842119d1b,f,1997,jhs,[u'choice_0'],choice_1,[u'choice_0']
4812b3a4175ce552655c11c93a423284960c2e11a56c92456ccd1d1bb7e84b04,ed385f6bcae9c5d2ad4d19c6bf0a3cf7,m,1958,m,[u'choice_0'],choice_1,[u'choice_0']
958a6755e8d5359025e7dee3aa27035b93d652ea3bc66294acc731a2b60bc3cb,efcb23ef39e540b91d22d85e52d17d02,m,1954,m,[u'choice_0'],choice_1,[u'choice_0']
04e32ab6b785856625e96477456e768929b2db3051d01e6833dc9171c9900572,68ab81b09b60510b1ff48846600435a8,m,1979,m,[u'choice_0'],choice_1,[u'choice_0']
42254d7491b974acb80233e0b2393599f1545852f6d99d91ed03a85086d275ff,15dc6243ee81f3630130f003043f5051,m,1994,hs,[u'choice_0'],choice_1,[u'choice_0']
f380c4a9c0de005fd51041862b1360bb3b29970285347439b3fe211f6736ca56,d8b09b751385012420ec9f30e4950184,f,1993,hs,[u'choice_2'],choice_1,[u'choice_0']
4d5cbe09fe4eaac6809381070faab78ebf2b4b559a949012cdbc6cf4f179d45e,7bcbaa5713f543c568d16621c984fd95,m,1988,m,[u'choice_2'],choice_1,[u'choice_0']
ec3e2517106492968a6c306cc2d619ba01b69734896123be6efabb0c5d051a38,58ba5bda6099d4abe04f713ba7614423,m,1980,hs,[u'choice_6'],choice_1,[u'choice_0']
b9e6abc2848a5f799c3e55f8eab1d731ad4da3fce76470e270299f661af2fffc,3deeee60a5274f37efdf3edafe3ded8d,m,1978,hs,[u'choice_0'],choice_1,[u'choice_0']
4ec564ac4f9f48695e58923b7939eeec3ce3fb6e5212ca4087602927217c369f,13721fe873caa3d2e820776049328a39,m,1994,hs,[u'choice_0'],choice_1,[u'choice_0']
b2054fc232947f2cc10f338209c5f28d0d167d4c2109d9714c07bfd4e9985487,f8e30c9e18f6988cecfd55f1f0037924,m,1980,b,[u'choice_0'],choice_0,[u'choice_0']
11f93fc75650eacd9b71857717354f6339cba4b90b893d819d422c1065d62f5a,b54e854054920315e6dc019e42379222,m,1989,b,[u'choice_6'],choice_1,[u'choice_0']
2722cf12e6f8121da77fe31be43af4e6eb4807cc4b37cb24f5e56d4b3faa96ac,c43689044988e94db46e316cb663ced2,m,1976,m,[u'choice_0'],choice_1,[u'choice_0']
dc8037856041dee22aedac76084332804a311fc1c908720710eabf092a157bf8,61334f1abc1e42aea982ef0513255f11,m,1985,m,[u'choice_0'],choice_1,[u'choice_0']
328b5be112d2955fad1125a88fad01bee848b94d35f432ee54a88e10ad765346,bccb4d07b94fd26aaf2e24f42f83e7fc,m,1981,m,[u'choice_0'],choice_0,[u'choice_0']
b07d9074edfc79f18c421b6cf6a202904748f52eccf19795efb3d8ca3cecb4e5,f8baee1e352905062080541eab3088aa,f,1975,m,[u'choice_0'],choice_1,[u'choice_0']
02c3292228765571ea04e7d3f2a89bc93150df717103d1057d786616a7772541,ac62e44848039a7aa686228859b99a98,m,1964,p,[u'choice_0'],choice_0,[u'choice_0']
eb73cdd3a4a4665d43fc58f1d2753b50bd01f65f7022411913b1fe08269d0cfb,57721b86675cef96466f1c420c7ef43b,m,1994,b,"[u'choice_1', u'choice_3']",choice_1,[u'choice_0']
5666315037a60dbf04b1b72b17ad480b987b2de89984396fa4bf494e6cea5c43,7723e8ecb7d5b1516fd135d1792704c2,m,1970,hs,[u'choice_0'],choice_1,[u'choice_0']
2aa9b23311001afee738a1a79e68850f3e2bc74a3b51adfcffd56b1c0d9b08d4,3072877caef633266a4720b69aa0a2f0,m,1974,m,[u'choice_7'],choice_1,[u'choice_3']
7cc7b0c5e97e91d9801719368b2169b987fc2089bd96b6bc23371b7767e3027c,a7fd4fc6a5512dc08019b36fd3394f3c,m,1986,b,[u'choice_4'],choice_1,[u'choice_0']
80b4b088d65908ace22200a3c9bd0c4327f859b478bb95fe8503ae764c81e52c,6279696fdd7ae98169ce76198b0b7605,f,1970,m,[u'choice_0'],choice_1,[u'choice_0']
8cd93f348de40d39122535d1131cb1eabb6d46c5615d69c6c11405510b8a4774,68d7a068a057c884fda36ff297f4b5da,m,1990,m,[u'choice_0'],choice_1,[u'choice_0']
82ef028af22033df779b1abc6359c8beff1bcf603f4053d9b917c764ad685a97,5a52ff3dccebced7881dd2f6527ae826,m,1987,m,[u'choice_0'],choice_1,[u'choice_0']
e478bb992c54c50126eb164ccf2fcd4df857fc51399ce7d824e184720ef2d1da,e3b2f3182eca8a2bf54d950357ff0317,m,1974,hs,[u'choice_0'],choice_1,[u'choice_0']
be3617a60abd28b24a798b216dd8ea50f004671ab4560aee10459cfebb9ef5ab,b0b5e3e967a72dda59ae6e2bef78377f,m,1968,m,[u'choice_0'],choice_1,[u'choice_0']
f58cc07cac34062c89f40843ccdd6b72175772ea9b47dc5e7aadafeb99df8984,c6319896eb6eaab1e0fae3f567bd6c4f,,None,,[u'choice_0'],choice_1,[u'choice_0']
4a6f486298bedb4022328c7d7f2ad41c8291ea64abf3ddad800b08ebaff1adb4,3dab92351b7ccf7d4f122d0be8ad57e3,m,1986,m,[u'choice_6'],choice_1,[u'choice_0']
f736671ebf4ece435db667cb5465b50488157883e69c90f205942b6faf8ca1f2,8e63ad630b141f7ceee32aae3e810d87,m,1951,m,[u'choice_0'],choice_1,[u'choice_0']
0f0a29412ca0282c9eb16a671101abca142fee7dc8e59a09a1cf87d606abbef6,1b9c7ba7f3be14a8bc9756f19de5dc08,m,1989,jhs,[u'choice_0'],choice_1,[u'choice_0']
9f631a3bf3e8eaf17890beed42b2c76ebe351c9d17c9f6ea14a1c4634cdee2b6,d260bf6c25f96edda36510cf767eec7b,f,1984,hs,[u'choice_0'],choice_1,[u'choice_0']
16f80e149a874c383440e88ca9dee10fb8bc8bf4b3a88d22b3323d4bc48bd461,0d2e3bc2e24834a6e2b679e682782a3e,m,1968,other,[u'choice_1'],choice_1,[u'choice_0']
79be73d625bfa4ab23a03bd4848b960872d682abbcbf8b8e3ff336dfdb6f4bef,c0012cc4b9401569190d9ac0aab05b31,m,None,b,"[u'choice_0', u'choice_6']",choice_1,[u'choice_0']
ccbfaa52a4160d2e766d43a44b93937a48f0be3a3326fd1a41620a14c4f76df3,8ca6304cedf4334ac13699222602e918,f,1993,b,[u'choice_8'],choice_1,[u'choice_0']
1d64f1d0e22981a940f1d6cde86af960be94dfd140a5ab840f6ec5cff9ed4ef2,00b43e0a138051b73a3f67116956ef88,m,1990,b,[u'choice_0'],choice_0,[u'choice_0']
0ee921b11b79dede107328d468f71fcbf190ea4d929d617dde626cbb26cb5cac,fe1ceeefda68250785c80a0453eaf51c,m,1980,jhs,[u'choice_1'],choice_1,[u'choice_0']
a890a23725ee25b0443d9384862e34f2bcc0dfa56db088e3d5ca12ffd7e8896b,555b1e4f9908662ec83bff23d9b8a5c7,m,1979,m,[u'choice_0'],choice_0,[u'choice_0']
714e11ec6c7b55b2c4660760f31ba049ac5d2e82432bf3dbcafab0802e0ad673,af46de4e11c2363148ef46865507ba3d,f,1992,m,[u'choice_6'],choice_1,[u'choice_0']
fe5631740a6b3682534d27c00f73842a5f6a4d7d7478246f07e9a9fe590feb31,3d7dc46395a9bfb8803e325468f905ba,m,1980,b,[u'choice_2'],choice_1,[u'choice_0']
23224452acfb56c177b28db55121cd03f2de09440f87422cb2a373c69f5178af,dcb9ad9a93be40a71cd90e1a4dd9c03b,m,1985,m,"[u'choice_0', u'choice_2']",choice_0,[u'choice_0']
6176b472911baa73df5a326b40a2dfbde7b4c4158432b226d5e8330c9c61f1db,4d87cd8a8e523a3164814a443cc7cb55,m,1997,b,[u'choice_6'],choice_1,[u'choice_1']
aef9e89084bcb18df391cd0b1ff503cdd86d24341ea23bdcea75cae2e397fee1,7ee1b9ed82e6ab77efff12d28033fd89,m,1953,hs,[u'choice_0'],choice_1,[u'choice_0']
a32808ca018063b46b741c8cb428395d3836af64b1735a4b93a40249f8fea44f,3969ba4bbaade297470c2f931242cf2c,f,1975,m,[u'choice_2'],choice_1,[u'choice_0']
1b73a1bc7f5d86fd48aaad017c74450ebde356aaf1e793ad5e39768e602d1143,a4439693ef87c8c5b22ef091e88c1fc6,m,1961,hs,[u'choice_0'],choice_0,[u'choice_0']
4c1b3bc8d2895370c34d43f036d3f885aaab497e21a5b2359dbd949312d636a8,33597d66429174c895191151e654e5c4,f,1974,b,[u'choice_0'],choice_0,[u'choice_0']
d3b41373f0e1410d4ec5a0edc134d6290d68ce235b037ff5de5286918feb5ad3,7a1731fc86efedafe332e0bca523f9ee,f,1978,m,[u'choice_1'],choice_0,[u'choice_2']
5d330dab9738b60755f5f996cbf0026eb7386f527161d9fc330d410ff54b2a47,fa8857c57e4fa76a6d2e3716dc80da5f,m,1970,m,[u'choice_0'],choice_1,[u'choice_0']
8c4d4bb2507d14b18671b0781bb7b253ebe560973794ce4839d908e8608fa0d9,7bd63fca9ab922cd516c64f14a91f915,m,1987,m,[u'choice_0'],choice_1,[u'choice_0']
ef9aa3ccfe7170042aa1459e6bc6ff5ecc83f645509624bc589aece20ebec8b2,a5092bcc9e8ee8286e26d4597f95c9a6,m,1980,b,"[u'choice_0', u'choice_4']",choice_1,[u'choice_0']
131878878a6e44acc3932bf196923aae16aca09b59a2b6c6aefbce03d56a6eb6,00504fc693b1e7167d7d188415704fa9,m,1990,b,[u'choice_6'],choice_1,[u'choice_0']
f68b8b16a3a381ab370e1d7189df1cd532f777c57ec896421ae9be9acf6ec26a,fe5c4a8cb3f165830575cc8c2d677dd4,m,1970,hs,[u'choice_6'],choice_0,[u'choice_0']
3cb0d6739a056f05715be7265184d7995903b8d1d4deb199e38a02f652f82d50,cfb6ade75479694a93b496c739512d33,m,None,m,[u'choice_0'],choice_1,[u'choice_0']
27e6f22fd6b139d4f5dbb8b806568f065e1dbea1e8d8b2895484f2d8d47ae123,ff55264fbd26692e3b5b2f6dc1b5d249,m,1995,hs,[u'choice_0'],choice_1,[u'choice_0']
687f59a9f88e030567c9fc8e396ab31fdeb64890010667e609fca03f3e36ed6c,b7ee0fc174bcd58b416d2b6ee71b1c1f,m,1989,b,"[u'choice_0', u'choice_2']",choice_1,[u'choice_0']
4698a6d9ae157eac3cbc0a297ff38cb33fba97cdebeb83d93cbd79d218912a9d,580cac3f6d65dd911ef84e597f8ff59f,m,1971,b,[u'choice_0'],choice_1,[u'choice_0']
0502cad88c885cfe2dbc5a052a1440fc63809d7d87ce4bb8c3811c0f7a164cb3,56a54bfd6ba817c295e34ea0243ba86f,m,1953,m,[u'choice_0'],choice_1,[u'choice_0']
7e343a42ebb84c57458d8567dc04ed551b896d744a7dfca994ca0be36190fc63,8a56da05102c1bd50ef6d08e8f367b46,m,1984,m,[u'choice_6'],choice_1,[u'choice_0']
e13855befdbe6d4201f607574b6149cec53309b4b622a240dba91547715787a6,c838b11d6281bc5df1b52a425afe764c,f,None,m,[u'choice_0'],choice_1,[u'choice_5']
e7ca0f6c0bf60198e8e688d62615e2d1723cc3496a508012fcd11ba170b06613,6986165a8cf376dc3fc470d716f2d480,m,1982,m,[u'choice_0'],choice_1,[u'choice_0']
0146e599c84044d7e05298abfc0e216b5f96ef6ec57dbce6459c104355276934,837268bb05d44b960779a20e79f8af9c,m,1987,m,[u'choice_4'],choice_1,[u'choice_0']
348799bd04755e9a743190ab9f327a518c7f10cb86990a43099d9ac1cdfdcbcf,b90272ab582cda426ac4e6502f9554a5,m,1989,hs,"[u'choice_0', u'choice_1', u'choice_6']",choice_1,[u'choice_0']
10c675c7f386bac9c5798ed96b3e58d27d95ce5dc0261ad7a996e00b5a804093,fd974027e6c774577ac18b9a952240d7,m,1970,m,[u'choice_0'],choice_1,[u'choice_0']
a9c3989a786046fda4dabe641a1c15bcf5b7d2b5976fb01a6b14286cc2f85255,6b441a77904b514ec93f9df119592397,m,1978,m,"[u'choice_0', u'choice_1', u'choice_7']",choice_0,[u'choice_0']
97b5eafe6fcb4875d87a2166a46d7081094b91114e46426f5c7fb60f4b33f399,59241c04c9de33c6417e855c949f9603,m,1989,m,[u'choice_2'],choice_1,[u'choice_0']
457f4a9f38fd4b1212c3b232d10bd27680366ccbf8c6bb72fec99cacb51dc6b4,f7c11b8a9c90cfedbea963a1e8c02a3f,m,1986,m,[u'choice_6'],choice_1,[u'choice_0']
8bfed9bdc40e7ccf8c862ec032499af5a2d1822f68c7a4cb2dcf71894039c106,c204ccfa90803f8aefa4998b09c68280,m,1984,m,[u'choice_0'],choice_1,[u'choice_0']
0ba74c529c982a02b0f9c39cb03a490966451ab45097ab15535b8c2501537995,9a625fc5afc1f0cf8120049411b4b0a5,m,1985,hs,[u'choice_0'],choice_0,[u'choice_0']
8d59da55b7cfb837aadec99ea83f76f8c1b1ffabe5405480c72b752d069dd2af,68dd20fb0370101fd7a88efb9623b8ef,m,1982,other,[u'choice_0'],choice_1,[u'choice_0']
41d2cf39172fec62477214d7ef5a5cb4227849324101266a310a30a77da3f816,0379d9f19c5277ffa3722946e11d1368,m,1964,b,[u'choice_0'],choice_1,[u'choice_0']
6e51e0748841c4bb356d624ec2e701ec6b8854796f4f42f9e2674418ef880699,414115e6044afe941f95a3ee7b3e3328,m,1983,m,[u'choice_0'],choice_1,[u'choice_0']
f2896e7bf44dedd3a893fd25a399638d8043064126d88c3302883df92e8e1e70,91857d5ce833df171d58da48029efcd0,m,1967,jhs,[u'choice_0'],choice_1,[u'choice_0']
e0f31cf8bb6674b2742e975b55b11647f7a1926bd5b39c250da71a159e275c0d,bc35c77b4c94864f5ab9b393b872c09b,m,1987,b,[u'choice_0'],choice_1,[u'choice_0']
71e9edffb1dac786706eefb02245d3bf1e59e14d3c24ffe2e82891e9cb2274fd,ef6e4c6c65fcbbd2723810d87534e68b,m,1987,m,[u'choice_0'],choice_1,[u'choice_0']
ae647cdf8662659dd2aa3b510edb6655103d4dcb563b085675f17c939d031c12,1cf2e592509d9de5d19ccc2ca791ff65,m,1994,m,"[u'choice_0', u'choice_4']",choice_1,[u'choice_0']
d42795920962d3ffcf9ee57ae5259ea343a587a11b42d7cad94ac2d5a2bee48d,1730bd8059cd97bdb495650c650367c0,m,1980,m,[u'choice_0'],choice_0,[u'choice_0']
30f6b0bea06322c7fc2e08ea41399de5caac5b7f7e744e44c46141c5a4443cf1,d7ac05881a6afdb731d1dca497a684ef,m,1987,jhs,[u'choice_0'],choice_0,[u'choice_0']
0418d04afd72d8f942213dbc6667d539b14ce1d78d8d659f37f87961c09db7d8,703fe52951502e144aa45e37adb799fb,m,1993,none,[u'choice_0'],choice_1,[u'choice_0']
b7bb134c3cefd4989465ba3518e7b88956bb267356e3f0a1671cc71443ac9c96,00b7bd5d897dd508584be5b35c685f51,m,1993,hs,[u'choice_0'],NA,[u'choice_0']
58d4506a688c87911dfae204597aeaf55bac91e4f7e0d7c608a1dce55c2e837b,a3b488261d37709a519a5bbb8c59b472,m,1993,jhs,[u'choice_4'],choice_1,[u'choice_0']
b1a4c25e85e2eb3370dcd90b800e886b6bed54d5ffb407368f2c8b64f58579b9,c780cd7f89086f9edcb39d2203af4d59,m,1960,hs,"[u'choice_0', u'choice_1', u'choice_3']",choice_0,[u'choice_0']
40e9ee79a08f31ba7564dac8863173661c6efede8e02a091ed8a385bf1b56401,4649126a9a6f2d70bb2f19aa848debf7,m,1988,jhs,[u'choice_4'],choice_1,[u'choice_0']
f60619c81509b6f3853b995753c4d0e29a7469aade6adf228f338360ce17b2ad,a68ebee948a70bf77aa0154ba8f803c5,m,1996,m,"[u'choice_0', u'choice_1']",choice_0,NA
29a972f61407827fe953a539c2427239237bf60d36459ee9e7f59b32e846a7ab,8d38ab0e2c3888218d69430da72da05a,m,None,b,[u'choice_0'],choice_1,[u'choice_0']
7061ad81efae665b6e72f5f9263695894496b1475a8b0a06ca32ed5c1bbf580d,d593394a2cb988c2c04f6c15365dc9dd,m,1967,m,[u'choice_4'],choice_1,[u'choice_0']
2a0ec87a5ee540f2b28c01a23a3614bef8d584fe7db6ec0eb053e8e4a2033125,117dbdd7b7b79c82538ee89f98de5640,m,1970,m,[u'choice_0'],choice_1,[u'choice_0']
de577eb630bf7c2da97ab0ad6f187c86d0fc53e80bdc7a1c4780eb41e5aa0d99,c7a6f238e345937fadcf5d83b9aa6d74,m,1959,m,[u'choice_0'],choice_0,[u'choice_0']
0eafac8675f97a0a755c5b551da4ef265272eb4df8c984d06377e58584eae70a,e2ffc0b4e44b60105044dd683a7980d9,m,1986,m,[u'choice_0'],choice_1,[u'choice_0']
6ebcde4d8ec9c39b0d601ac7df9f21e99415858642bb0ca47299ade9e4d26091,24c3769a5e7308370206cf1fa0136a3e,m,1965,m,[u'choice_0'],choice_1,[u'choice_0']
a62b4a67fd94e98a37d8a50a4bbce1cdb5abd204c05c7bc043bb4b019ed27b5d,c24bae1d0a82b9b42b6ae2b5ef16cbf1,f,None,m,"[u'choice_0', u'choice_1']",choice_1,[u'choice_0']
c03b6078673db9a9b2071ad385e6817af84e8db15b7404b775fa50a70d8d12ba,8f498f3053ceea7f3050463785972e8d,m,1977,jhs,[u'choice_0'],choice_1,[u'choice_0']
a0f392006ed5076b2a7cb6f95b7694a54af346ce2d1eb64955c267867a951c40,bba16a822b0d147cf92c241dd14abee5,m,1988,b,[u'choice_6'],choice_1,[u'choice_0']
2bc5762d3521c6180edb66c6b4266c45e2f4c345e63b3223e5cb245b43a9003f,a24bf90350c7c41d248b3e7c832f6e47,m,1982,m,"[u'choice_0', u'choice_7']",choice_1,[u'choice_0']
cab56062e3643ab840338f83c5d37c884f67b8568bbea3811f47f4abbc03a02b,07eeb0177b4b38d54b7b13d61bf52bb7,f,1981,b,[u'choice_0'],choice_1,[u'choice_0']
6136e29197f08b8624a89b60cc5262676b011207979c44aa111276fd2f00f6da,a7d490adb9503a76e3c160a3e8506a69,m,1966,m,"[u'choice_0', u'choice_2']",choice_1,[u'choice_0']
0ace0e9cedbd81a55630819817fef95ce2b1641b8bad46800e351c3b59d6944c,9f2f03b9e334474dd04b4251d2e8d0b0,m,1994,b,[u'choice_6'],choice_1,[u'choice_5']
f4469d1da0df1019fb5883ac21430e246472869f97062334e56fb235b5da2a50,13627003b95a1b9f4e32cf534e1ce916,m,1983,b,[u'choice_0'],choice_1,[u'choice_0']
40349e5ba850fe852d8720b0a304bef6bb1e564b38615122a2614375d8aa9ee3,a1c83a73de48fc236d0f2930091aaf09,m,1975,b,[u'choice_0'],choice_1,[u'choice_0']
c3ed4025e74ff8017dcc51494954848e23c70c0af769605d2167a39adb089c53,54d9071151fcefe7c98433d1b0d65ca6,m,1982,m,[u'choice_0'],choice_0,[u'choice_0']
a85b6e60e6128cd89dc7ae2267623b72c4c7099329bd02e467afa8ad6dbbde60,81889fb316a8cefb5e8db530875211d6,m,1984,m,[u'choice_0'],choice_0,[u'choice_0']
5b870ef48e5a78e697a5a3103050fdcc02c18ed7ad55a64a67bd17a45bae1af5,77f7370caaa9f01d896ee61fdf1a2883,m,1979,hs,[u'choice_0'],choice_0,[u'choice_0']
213ce0149cdf5b0c235adc289a190c533826881c7df95d8da86a3297d53bcbbd,8ae2497f9b4b0735e30234822adc8464,m,1979,m,[u'choice_1'],choice_1,[u'choice_0']
bd6beaf65dc00fa38eb6966ff933c1bc70b521ffd06c03d1d79f9757cf5273a0,28b0dfbc7df4dbd67beb14f7cf7834f4,m,1961,m,[u'choice_0'],choice_1,[u'choice_0']
ac3e2ab07a34e63066f8544074435e39c1d29eeb050b5ce4c766db16f1e6c830,c6db769485f6cfc778f9094c27727dcc,m,1987,b,[u'choice_0'],choice_1,[u'choice_0']
ecd2ead7f7c51c33a7714aedf75477a164f48eef90f04883d37adaa2f9e91aa1,a25acdaf590b45cfb279363b3eda4976,m,1982,m,[u'choice_0'],choice_1,[u'choice_0']
7069568e6ae77861b4f3466cbf32f5b45079e89ffb3017135423093ee04645b5,3e7e74be1db303caae2e508359b2d1ca,m,1989,a,[u'choice_0'],choice_1,[u'choice_0']
12f6adebe92342e2eb97bb91bfde3651882568b1a8bf82e93486c5b121403d80,6b6ba4fdd38d8e480f9925d60f794215,m,1992,hs,[u'choice_5'],choice_1,[u'choice_0']
695d922e2f5b3128533a9f5c2a1319e67af88131365bd14c40d453057cb46ab2,0be8d58bef618a43f44b112f28ffe318,m,None,jhs,[u'choice_0'],choice_1,[u'choice_0']
56c2b2e654d9db175af8bf732fd8a66854e23a6d6df40a284089250a0ae94eee,0c3625c04f84937374aa297457f9b76b,m,1980,hs,[u'choice_0'],choice_1,[u'choice_0']
6209a377ee6b79e7fdef00a6ab137a977e0d6b0d100c22945195d5184627ca68,2eaa6a349a9c28850900394cb6f70280,m,1983,jhs,[u'choice_0'],choice_0,[u'choice_0']
15cccde6ea805b260affc508a44b6ced03f9e836182ead1a94badc8d4d60da84,993c64e1f96837f14a096e857c23c38f,m,1984,b,[u'choice_6'],choice_1,[u'choice_0']
e0049c8f3bdcce209f067d0c8e591d9b1fdcefb056b5a14f2c5d0121f9e2bb80,3d06f86fced1295dc9cd7a36023696d8,f,1966,b,[u'choice_0'],choice_1,[u'choice_0']
a8071c36e44722d95f53058a62b7e732ce870701515cfde13ec316a5bad394cb,c9dbc7edfb128316f3e0a8f64485052f,m,1989,m,[u'choice_0'],choice_1,[u'choice_0']
f010987ee0e12acb7800c43ea0a063e2e90e3114698d9a96e04388509b819b26,0605eb155449dd3b38bf304ff997f3c4,m,1979,m,[u'choice_0'],choice_1,[u'choice_0']
2d9c9a5d46b0bfb8481e8d4dd0eaa26e1757967a8b9dbb9c1a9455e441f9f720,08aa8b6f156d57c1a6923a77e1ccf115,m,1979,p,[u'choice_0'],choice_1,[u'choice_0']
793709b9e02c3c9e5457806cc3bc382d523104e1179f9d9d9fc38c7beb32447f,dc4b4d075a1c2b5e5c168c4f0cd009b6,m,1995,m,[u'choice_0'],choice_1,[u'choice_0']
5f85d2e39bc1b53423cb88d16bf38967255eae711ed34a95db4d0937d59370ce,3a5d79a60fd6d9e3ba00ee6fd4d7104a,m,1954,m,[u'choice_0'],choice_1,[u'choice_2']
8019c23d961dc7446f992e6957279254033a0deb2c768b51434722dec85b975b,d41bb48daa07ab9bdfceadcc64182ebf,f,1965,p,[u'choice_0'],choice_1,[u'choice_0']
50920d3ac6929c07938e864678dc4257f3f57867fb937d5e64ee5873c5a53a6f,709ff6a4cd88de619227e8a32c614b66,m,1969,p,[u'choice_0'],choice_1,[u'choice_0']
77182a21bcce485282855ce3d4238686a0f0bb28dfba59cfcadd52a3056154c0,96a4b81bd5413f9b0dc65fe93d872a01,m,1975,m,[u'choice_0'],choice_1,[u'choice_0']
4fb6eac920576899dad08322722893c7fc14758445ad06f9b158a3477056594f,eadae23fa19751e8def36b1882a9f129,m,1989,hs,[u'choice_0'],choice_1,[u'choice_0']
a1b4e9fc164d3966ae7816ce23b8922f70d8ae9e361b588d00a3b91db1359644,0cd2ad8ebcbd5243b40351cac1ccdc77,m,1984,m,[u'choice_8'],choice_1,[u'choice_0']
8e8e536aa505450281bfc0b33746f273fa5a4f4798c5d808d4d6e570a18ede3c,c807192c6c68d15023d3c99105e519cd,m,1979,hs,"[u'choice_0', u'choice_1', u'choice_4']",choice_1,[u'choice_0']
8abdfce6de511eba2e5dbabcb96b68a7efa01df3c81eddc184031c49b52184d7,33e4107d0cbe52d1047f7dbc319adaf3,m,1979,jhs,[u'choice_0'],choice_1,[u'choice_0']
3709f7d281da0fb21b551ffca63aa804a9da06a2244dc792f8bccc561ee6137a,b179403e250bc43594e77019b5a06e01,f,1973,m,[u'choice_0'],choice_1,[u'choice_0']
ee2450bcb82924e50fb8673d6173fe144f0257fa67245db724e9b6c8ed257706,442f15f1fc5c00206e12e814791c8a62,m,1977,hs,"[u'choice_0', u'choice_6']",choice_1,[u'choice_0']
9b9b2ec28684f7c32d4d8f6ca513d1a22235b7e5be627923f6089985ac0f5200,0f33d03a984b0640eb586aca11a89f24,f,1977,m,"[u'choice_0', u'choice_1']",choice_1,[u'choice_2']
eb4da7ddb1ee46dcfd589fa9dc7db6b939a4b829aa797122d63c6e9787b4abda,85483ac9838fa95bcb04b66964b61d1b,f,1986,m,"[u'choice_0', u'choice_4']",choice_1,[u'choice_0']
c7931db4f6812a800909a09f199c3aab084e8f9d15b35a7b72465ae7232680ec,c5e950eed0f8481909b792ff6ff6e5fa,m,1988,jhs,"[u'choice_4', u'choice_6', u'choice_8']",choice_1,[u'choice_0']
6564ba578b010544c9625452fb6bdb54887dee9a39f707f9eab98e13e7543d01,ed042b431c0185ccad9a0269a5bc4c1c,f,1951,other,[u'choice_0'],choice_1,[u'choice_0']
d15fa3944cdf8c15504b38f25fcd58efd5c63641d28dc647ec6adf79594040e8,5892db12198bbaf59b29114ef41c0149,m,1987,m,[u'choice_2'],choice_1,[u'choice_0']
5c9e1183773f3fbd4cb08353106067fd1d3f1281f41ca6a6e2f7f4435e21ede9,0c8506b20dd61e05c7be77e86ecf81c3,m,1989,a,[u'choice_0'],choice_1,[u'choice_0']
5742535cea9646bca1e9a3ac0b35771f2ee25060d0687c6d390b744ffb1592de,441fad9dd27e7d885a386ae32805a691,f,1986,m,[u'choice_0'],choice_1,[u'choice_0']
49a1fed0b7890f634d296efdca86297ac1e86d7f725f0fd5ac334796a03bad6c,63d7087af12f7764ad41f37c217b8a22,m,1971,p,"[u'choice_0', u'choice_6']",choice_1,[u'choice_0']
baf11c049f726f8f8eafa30a49761097e155e7bf4ebfaf57fd0e458f74db3aee,d93b382b2af09f01b94c1d60ae485f89,m,1986,b,[u'choice_6'],choice_0,[u'choice_0']
b5bfbb58c142dfd0ba4dd64f8c889cc1178fa47005984daf0d20bae726ed1254,9fd37a42f5e42385a1eae2bd4f9e8a8c,f,1968,p,[u'choice_8'],choice_1,[u'choice_0']
0ce4b8962af6855f49fb791f46703b64c18d3ecac9d2c8aa9d61d9ee58a989c3,7ae551629df4e9e929bd6343d2b1ec7d,m,1990,m,[u'choice_0'],choice_1,[u'choice_0']
27d2e49022e2dfdf65b6f82b08af4c5c141502cca9f0b032c899e30713f613a4,8e028688fb7c8d1a46f593176304c539,m,1981,m,[u'choice_2'],choice_1,[u'choice_0']
211561385ff1117aa83c79cb26b0fe459ec78fdd0babfb58ef2a9bb32dd999e8,ae9b800bae8e8b6d51d681f43a23a2cc,f,1979,m,[u'choice_0'],choice_1,[u'choice_0']
279b4c91027bc5026e16fde3e45b7f37134ff50648a4a9ccbb4d15d01f031ee0,cd3ca32c48a1f30b1f5929e58e859a93,m,1993,m,[u'choice_0'],choice_1,[u'choice_0']
b4c38cfb545e0266a78fc64f87be3e3e73bfb34601946029da93c4c22e7841d5,90006985f37cbae7be84ab50936e3e7a,m,1986,m,[u'choice_0'],choice_1,[u'choice_0']
fda72e5fb014fd92b4e3fbbbab0c42e3eb5a513b68f6a2afe0e3e63b47f52d78,ca4119af00f14b081a14e465119b93f8,m,1987,m,[u'choice_6'],choice_1,[u'choice_0']
3ba447637620bfdf44b8fd795faa352a1bf9ac9bd6bfe6235f8d150384f628e4,c0b22201ed5677472e1dcf6e5865e542,m,1971,m,"[u'choice_0', u'choice_1', u'choice_4']",choice_1,[u'choice_0']
69e8b24f1a200fe6d1af0112ef706d292606dfa72d63140c6913e301d9b57e50,44172a949ea894f4782a88c0aebe3294,m,1981,m,[u'choice_0'],choice_1,[u'choice_0']
1c3c79da86ce2091784ed5b79726dc6da83793245ec770b4f3706146fdebd4e4,fa755ff332c01c1e69962242468bacc5,m,1988,m,[u'choice_6'],choice_1,[u'choice_0']
ee6345cff1c3193aeb936d62f56ce2dd513b7647fb0ac6596ab0c39e412133a8,61dbe213be890ffa4e3aa573a847ff1a,m,1968,m,[u'choice_0'],choice_1,[u'choice_0']
adc8d20780690d54a8c5935a13d8312cef5a5381572d39fa3b9bc39342f66e57,9e0828c279deae6d96ee2caf28788a39,m,1986,hs,[u'choice_0'],choice_1,[u'choice_0']
c294bd096620ff5523927e08328933a10d6e9d37d05bf80a9cb08c1009bf2569,669d36d072d9471894ac4dce23230153,m,1993,b,[u'choice_6'],choice_1,[u'choice_0']
602f68280368c413e4dd1563b07652f40b1312e32522f57686b57dc0e7cec1f8,81e2e8b5b47c04e53edec5363f1f55a2,m,1984,jhs,"[u'choice_0', u'choice_4', u'choice_8']",choice_1,"[u'choice_0', u'choice_5']"
377a89e5f509a92e13454219bb5ebd194a0a1dab31e35a1d73b90ed4ae4a39de,d0fc09f6988eae47dfce5d5b3c2cde6f,m,1980,m,[u'choice_0'],choice_1,[u'choice_0']
1072eb3146b644949980dd184893f8c82bc414ba6315aac980c01a972781d20e,88162ea6eed62465d1a49a6a7c912bd1,,None,other,[u'choice_0'],choice_0,[u'choice_0']
5f5b253e910e17f46f1f515e4c38536cf65fb56f4a0cffd2ca03c820ece571af,a1cfd18ad1afac793bdc44e4f32f2992,m,1989,m,[u'choice_2'],choice_1,[u'choice_0']
798e0144705991cfa7194b0fe3c4cde6dc54b5ef1ddc5f2de273287671453c2d,c40938875ba9945c84187a6320d4b66e,m,1980,m,[u'choice_6'],choice_1,[u'choice_0']
fcb1b32feee82b0fc1f91a3fc9460b390d666aa0e92ddea63002c0eb87b9dfde,1496676621843292799d5bd471d753d3,m,1986,m,[u'choice_0'],choice_1,[u'choice_0']
9080f3536add3bfe6a993b231b2433079e87b2a15f46cb460dbe0784c97678f1,bcd1afcc11e5a134e03d72d66c320a06,f,1963,m,[u'choice_0'],choice_1,[u'choice_0']
b4de6e19d676d9bda1a793fe9422d06c5b0cad2a3127e7a230c2b7b3c55e7b80,ad60614acf15e20387b7fb2eddd413be,f,1984,jhs,[u'choice_8'],choice_1,[u'choice_0']
c5cec95be93ad2c3961b8090c3f9c3cd03aef378b8e1e9ffad94bf6454148560,4b7b48d759d1400e221095df07ba4788,m,1956,hs,[u'choice_0'],choice_0,[u'choice_0']
7721e8a5220240cc5221526084aaef744cfacd4b8471fed4b32e344215d61471,13fdbe61602872af1e2964aecd98cb4c,m,1965,hs,[u'choice_0'],choice_1,[u'choice_0']
0ddb896111333ca7395b56184d5e523fbecccf89f94540f7d4abc8e3a5bb6931,de0fc4a1da27e63f93f2a39e5b3e6dd9,m,1988,b,"[u'choice_0', u'choice_2', u'choice_8']",choice_0,[u'choice_0']
1e29b2d138051283a730d20514db7fe2445e9d26a0631a68cb513133ee0923a7,5f9fe9a43a06b8ff1116452126450137,m,1989,m,[u'choice_0'],choice_1,[u'choice_0']
72b7ab5c38a60d87b31555c7690031fa5c65509dcf8ebb053b937465a9b3fc38,c7ab4c1f639649442dfc4848aafa7591,m,1993,b,[u'choice_0'],choice_1,[u'choice_0']
426078fd3f0cc9390d9ad44b843d768e8d8e72f68a23a543ab67c4e4cd5de414,46c5905ec16bbf05a49079d2b704dec1,m,1986,m,[u'choice_6'],choice_0,[u'choice_0']
59b8d7a9929f4e08527b08408c9af0e10e0f8bc3fd7acc4908e0969efd4f97ed,f1c9ce83c81324880c12bc535c2345f5,m,1970,jhs,[u'choice_0'],choice_1,[u'choice_0']
c54b24e7819c4add022f26f6f7f86fa73ad79627d68a8ecde228fff203a911ae,d726ac84e3256019a4ac553434560bf0,m,1989,m,[u'choice_2'],choice_1,[u'choice_0']
6095e841a2a982ecda0478fa1eb80136d4015beb8e2c3997e06142efb5c32610,e5f884d5367ba1aba5ff68651e45f160,m,1994,,[u'choice_4'],choice_1,[u'choice_0']
387522ed5ec09ef2a436147253a592023addf32b783687fe1a0b13fe84bfff7a,887e64fef02ebac28ceb21764aae21ae,m,1991,b,[u'choice_6'],choice_1,[u'choice_0']
489b101a0cac90e475b401768b71eee1985fcc9866a43fbcbe658b8e5322603d,703d243987b14a21722c5b77b4d0472b,m,1980,m,[u'choice_6'],choice_1,[u'choice_0']
e2dc522682785c951d592dd658c828fd9d65c19b30c0d4f36945a26cad8b9d06,a37a71a3c65490f9074744f85ca25103,m,1996,hs,[u'choice_0'],choice_0,[u'choice_0']
9b51a95c6b0d18a5bc84468c532b21ce343abf2179734c3b6a8d17f1c84216a6,0614439318fa066274a0dcc2dad0b1a5,m,1981,b,[u'choice_6'],choice_1,[u'choice_0']
955552631b51b7fd07a2659e17dd9974d631cb168b9f2e25deb179b91d9dfa6c,1cb1c57664c6405e73261ceafee65a49,m,1983,b,[u'choice_0'],choice_1,[u'choice_0']
d1bcfab5a32e666ae87fbe227b37ffd5ee6ac53b46fa59850e8b5a8aa4ba4550,566877f046533bc4798603e67ac08a90,m,1987,m,[u'choice_0'],choice_1,[u'choice_0']
e0a84dfa3aa6acdd223b46503fd3a9c39f7b1c50523faf26659042224c6b3821,fedc2ebfd7cea6b9a4d55985983add99,m,1995,jhs,[u'choice_0'],choice_1,[u'choice_0']
4af302395967e33a660a9a366bc0ed80df01f710e56d8e5a54a84dd0c0e0e5ff,63c4d43927230b9826fea171b9de5c2a,f,1970,m,[u'choice_0'],NA,[u'choice_0']
de357ee5bf4b01456bf282fc6a2ec1fdbcebfcf42738f726cc19f980df7d2c5e,be207ed5a7b1e14ddaffdca732b7593b,f,1999,el,"[u'choice_0', u'choice_6']",choice_1,[u'choice_5']
8d20ae2f50d360a8b03e6afd2d0768276a6db35d26cf76ab4bc772d5fa9b820b,826fdec3bb5d9a844e87dc7deb4f2592,m,1993,hs,[u'choice_0'],choice_1,[u'choice_0']
b86fea5430e4303f2676b9d67d175bb9b4351887fa0c6d840a8d831bf0459f16,c17f2bc4e4550f27db57dfa28e56c57d,f,1989,b,[u'choice_0'],choice_1,[u'choice_0']
89bba7b660e913b0717fef9bb58bf8bd5e00fd6fff2b47c89c39d990b0af5f6d,b53bc5e72997126f0dc7997d99fc269d,m,1959,m,[u'choice_0'],choice_0,[u'choice_0']
c3f655c5fc662b2029b3eb0c55b25f0c1ddf4862399f274690337a42092b9b7e,784584c8dd9e8ea1cd1f8f489065019d,m,1982,b,[u'choice_6'],choice_1,[u'choice_0']
bfad423b5a3a01a15e923e7781eaf87beff699037ca9729a106505957fcb9374,0f5e71a9ca72f83a29332a50efdc56ec,m,1973,m,[u'choice_0'],choice_1,[u'choice_0']
1f7278b325a945becb89cff0d6c574184229446594e0c9d2757d3fab388c2fd9,0672e6f34490134e4e56c4df06c0adcf,m,1980,m,[u'choice_0'],choice_1,[u'choice_0']
461f0f36c152054ee067b6e3ae67aa23283f4f53127d580fc1cddef923eeaf2e,a42210b7afa518bd9320372b1b8052e8,m,1980,hs,[u'choice_6'],choice_1,[u'choice_0']
c5010b72ce786208e27e7b186ececb456798485affe7df7bc10ef37df54cd890,1c7256ee88eb1401b3aa588e27d8ac9a,m,1974,hs,[u'choice_0'],choice_0,[u'choice_0']
2c16fb96a0079c760fe37d70b87b8fcc86e68a9a1801a42b57fecc7702fad386,4001f6be75cc36f55c6cf7d1b8f4d968,f,1993,a,[u'choice_0'],choice_1,[u'choice_0']
2371131999e015f99dfb5966614588edb21b431b2e09b20931e8091cfa802fb9,fbbfec2af805dc07f00e430243b629cd,m,1979,b,[u'choice_0'],choice_1,[u'choice_0']
6efa1cdfc5170fa7bbc72aa69498a8773b2bde25ba171e9f84e945beabed9d97,c2d6c4860f6fc8c564a4c3c2ae4731a9,m,1988,jhs,"[u'choice_4', u'choice_6', u'choice_8']",choice_1,[u'choice_0']
6ee2e883a9d690ac46fb77cabd4a157996331d7eed4812b6c317cde0916f6e98,45a937c5c8f5a414103bb0d40da80d79,m,1996,jhs,[u'choice_0'],choice_1,[u'choice_0']
f3b075d6a5a1ee8d1c3c68b73eb2004171f7e71d9cbcd52b854b7c399cb845ca,8e9314f68597a9c8989f1a2596aaf25f,m,1992,m,[u'choice_6'],choice_1,[u'choice_0']
8a575589cda7f383fbea853b010567b08b561a6f2d4559e812872a40d52db030,340b465425bb899fb8c7ecd6503e0291,f,1972,jhs,[u'choice_6'],choice_1,[u'choice_0']
74e4b23839d443598a69f93c3c14ee45070fa17c241e0da61dd4176b562907e4,9e1ccc3861bc23177c76b6df46671785,m,1991,other,[u'choice_8'],choice_1,[u'choice_0']
1d215533deee1781617b565729451d624f7859b17cf184af54917f6fee1d45f7,df40f0bbe2ff874e5d7a5ec507a92fa7,m,1980,m,[u'choice_0'],choice_1,[u'choice_0']
4808f506744642806c79cc8cf6a48e1a3f5b9c3707ed33d16fffc8b44be0d964,d6b1f14b5701244e5ad635a14e5a9c98,f,1992,m,[u'choice_1'],choice_0,[u'choice_5']
b8409d6ee4532ffe0ee73502ed9887ba229d2d627b010ef9b5c4a955e135fa7b,8405043a6d423799db3e9434f5591b58,f,1994,,[u'choice_6'],choice_1,[u'choice_0']
e82b041136ce92c4e31e45cfed84e725182bd6c454748b8e0b849d6cec2d099d,93c5c92661db483e99063f04d8560d69,f,1979,other,[u'choice_6'],choice_1,[u'choice_0']
501133eb8301f3d391a2587e57c1d03e4d6740afa6f10bfc1308a88aecde77e8,ab30eadf226f85dea51fe55e13fa8bd7,m,1989,None,"[u'choice_6', u'choice_7']",choice_1,[u'choice_0']
8b87671b3afac6fb7e33dae3f9aad54050f7c61e414e97270be8f18ced1e4aeb,439452a42b66f67cf0bb1df4c0aa8b20,m,1989,m,[u'choice_7'],choice_1,[u'choice_0']
a71137100e65a9c62664c1d17d011f4de13f1f99762adac46e650fe90a279cac,5eeb1bdfec2f0b7cacdda9ba324b65ec,m,2009,m,[u'choice_0'],choice_1,[u'choice_0']
c3a4336c23007267e6ba618ab6d2b070fd9856fcc841a583f90bdbfa386bbe84,6708cd14899574bfe637eccb74025ca0,f,1989,m,"[u'choice_1', u'choice_3']",choice_1,[u'choice_0']
493394cafd9df4a9c639ac37574f618450eeac94aa5408c3bfd736eb315d0f56,525bd98dbbba779dff9b2830614f4219,m,1979,m,[u'choice_1'],choice_1,[u'choice_0']
7ed9a7bb6205cdb172c6317f5f106aae756b031f09268d5d090fc3dba590a0ed,665560460e9a88b6e083601df9c2252a,m,2014,b,[u'choice_6'],choice_1,[u'choice_0']
c63be0cdbaefa35d3d3026b49546aeb8b0c1ca20d7e201da416f0d24206e5c7f,52fab90bf3b71f1e405b17b5cb346d9f,f,1990,b,[u'choice_5'],choice_1,[u'choice_0']
60ef32fb53909b7c6014f6a26fe9a62501a2e0b523228e2ddb8284213a571a98,1e8ac3523ca652cd3f12ff3413d952b8,m,1965,m,[u'choice_0'],choice_0,[u'choice_0']
b91af10686da76a603e0716ee2e6c455fc9aa925eb4b957d31b49364946be3f3,e44a3a2503b88d12f2c960cba7925c32,m,1996,hs,[u'choice_0'],choice_0,[u'choice_0']
ebeb426c5f5180bd1283911275f3f32f4a00741d7954e41af792a01ef9d849cc,5f2f60f6e16ebce1daa4b3c0f582fdea,m,1991,m,[u'choice_4'],choice_1,[u'choice_0']
7e45f596e881e24b6dbbc51aa8c85825b8e5a3c52d974688379a8fe227c31ed2,367bb2d1daaf6b8584e6c83cf8f14c9d,f,1991,m,"[u'choice_0', u'choice_1', u'choice_7']",choice_1,[u'choice_0']
cbcd96aced9a31d8af3bb2babb4caaa310e42caf4d03e4d8bce6af3589ed419e,3cd8b749abb04e2ce5257f5d11d2933a,m,1992,m,[u'choice_8'],choice_0,[u'choice_0']
75f3d58629ae75351745a4bc00d50c2fd9a43f141a52f5fbece7f2c6d80c82ea,c701ba333f9a70a80898aaba2f1c07c4,m,1990,m,[u'choice_0'],choice_1,[u'choice_0']
14c36d5ad7a48b69a849b817b205541d13c0449a6f82afa0b02e9a001618a92f,2706d8f368f3db082f4186694da348ed,f,1961,other,[u'choice_0'],choice_1,[u'choice_0']
047815d878b19c9ab360c531bc0a05be264b303d9ea96d9b2932adb7cb484b04,e6c1102a58ad6c14f91b079480f88289,m,1993,b,[u'choice_8'],choice_1,[u'choice_0']
04342549b81c52e07369709107b1ebdd50b09c7d182447a46473cd7833293208,bc6d0c96397919a9d5c9d356f61c0a20,m,1981,b,"[u'choice_0', u'choice_4']",choice_1,[u'choice_0']
17c2b064f5631ed62c085f1c57d3a95681506f63d08c9e3c34033f33b95b2225,2362e256ec8709570350f60be086f171,m,1995,jhs,[u'choice_0'],NA,[u'choice_0']
757fae105b0483e5592c94d459bae8b171d53e6a21b9c26c820bbb650e4867cd,9b227a4de0569c054260805cbcb626ee,m,1970,jhs,[u'choice_0'],choice_0,[u'choice_0']
21e3b5e941ed996c53a6d9e29ba9043f5c1c9c48a6e29ee133b1ca0f50589fb8,6f69d9e56f8e820185e84f7c48cdb7f0,m,1964,m,[u'choice_0'],choice_1,[u'choice_0']
348bfa456641433bdc6815833e16d50e7b22e743e6a02a1f26e43f485a0c5feb,622cc20e430016710ce7c4d88d158ae2,f,1990,hs,"[u'choice_3', u'choice_4']",choice_0,[u'choice_0']
54ba3f3427d3e6658e5ab45f6c368cd648cd0b32f98980b00ebe0ef4eaa2b151,c318298376fd67dee0459e485549c375,m,1961,m,[u'choice_0'],choice_1,[u'choice_0']
df65847582c93a08822eb8b236ed8827d63f7b5021fc2593d47a87fd91a07087,60db3de05d7b6dbdcbf1bc3604019ea8,,None,,[u'choice_0'],choice_1,[u'choice_0']
34b647bd2ceee94cdae7a7b469feb859d1904481720e22cc71deb742a7931461,12f7e89cacf21d8b76c0421b797ee224,m,1986,b,[u'choice_0'],choice_0,[u'choice_0']
ff8cfe7a04dcfe93db97a95dd306f0f060b61ee05f2ada00f679e6c529857da8,59a2352e883034a34805e138c4a7c5a7,m,1987,m,[u'choice_0'],choice_1,[u'choice_0']
6023f04d0a7b1c603d3d7f465d4639cd658c92b9804f4459a20245002dc46ed0,680abbd60dd3ff75f67dc3cadf627f21,m,1975,b,"[u'choice_0', u'choice_1', u'choice_4']",choice_1,[u'choice_0']
27de7615bf3d108560a4454a91b21209c52997c96e57dbd582c83c6416707fc9,789b0aecd6d4978265ad7ebd5b51fc01,m,1955,m,[u'choice_0'],choice_1,[u'choice_2']
33112d66e43be98b9598f6a28926c981c2c70474d49414d7108b7eb722777b51,f61229307a91db26b6770b03905808c9,m,1984,m,"[u'choice_0', u'choice_1']",choice_0,[u'choice_0']
3c37943e36273a2601684c415beed7d65e0b86e10b7e35e464a1bc686b410be8,136a5e513556524cbe339975b28a8483,m,1988,m,[u'choice_0'],choice_1,[u'choice_0']
9cdcedc8bf6eea75dee30fb71d4e4b4b7bd187db02f26504cc275a3a4fd401d7,aa63b8cb5d33dc8fb642bfdd04aaacfa,m,1988,m,[u'choice_6'],choice_1,[u'choice_0']
52a2e3f23b7f201aa8cdf3a200659bcd01590ae25721ec499643f9f6f1760542,1a604c46963aebc73ce59c9f6d80e4d4,m,1964,b,[u'choice_0'],choice_1,[u'choice_0']
a334724be4870610558efe9349535ddbc95200e28a0128e99dac72f13af97a5a,8960cc3e341f49507e4ed278e3efe2bf,m,1971,hs,[u'choice_0'],choice_1,[u'choice_0']
8d2347e5c7b84af19dd86bf33f677705a54e3626bc5f2b0b545842696e6ad39b,c4f8eb443472183a86436b0a0b3bd0e6,m,1984,jhs,[u'choice_0'],choice_1,[u'choice_0']
dd31132eb01a00598e2c0e5b8c752a583db9d8ed764470d76fe9dbecfcedf829,5b7c1e195c702977075fee2dd5e1ad58,m,2014,jhs,[u'choice_6'],choice_1,[u'choice_0']
7610939442504568fd502ed595173f87a63f05722162122ffb02affec9558f35,6f6115804c30f14448d2fc8d2cd37660,m,1966,m,[u'choice_0'],choice_1,[u'choice_0']
8c5e1903aebe58db647dd3dbf80b66ea8520a6f6fb406f0735beca208db01106,349f2a408a08b3c03796f8526fec6f76,m,1974,hs,[u'choice_0'],choice_1,[u'choice_0']
3623ef66a1fb0a3ff8a68518bedb04e803c6f24d79df313999d8806781625adb,a9bdf04df5ba244fda0ad74c5c1e7a15,m,1960,hs,[u'choice_0'],choice_1,[u'choice_0']
d57fed617beb57d2cd6dcd3a239d3362e7a7f619d943e472884fe198524afdbe,14561c5082c844826058b3883bdcf8f4,m,1973,b,[u'choice_0'],choice_1,[u'choice_0']
06d25b137ed8d5c2e401df233041be3501e35ce94261c907a498413a5ca7938e,b18fd2cade289c5176c6e6f0eb3ee4d9,m,1986,hs,"[u'choice_6', u'choice_7']",choice_1,[u'choice_0']
3725547bff9860535bf6912efdbeba62fd8e1df522c17dce389acf4bb4ee14f3,19029c5fb1b655b240f4a442694dfc30,m,1981,b,[u'choice_6'],choice_1,[u'choice_0']
16698150408e3718ff2afa341d9cb9d4c616fbab79e3da4454ca3531b78be77d,7c8dad36185547c3a6a5d6c90d4b2b36,m,1964,hs,[u'choice_0'],choice_1,[u'choice_0']
a6c092b1a8b54596473f9396c428a9e0c217d194a53844739919e7187e657fc8,2cbd7724e618281b4a6818b4cb8885b4,m,1960,m,[u'choice_0'],choice_1,[u'choice_0']
d395fb0ddfc9c6c5d09e5ba223e90dc4e74638c4eb7b07c08df14c535526c1db,e1f8b998e0005b36836db02d608e666b,m,1966,hs,[u'choice_0'],choice_1,[u'choice_0']
500b813a19cd9f224fd3b7d02fa3b142a2b27d437d1a8b324a69d2f7f52eeffb,33a951d8d0a92b070e7923a22a3d55aa,m,1967,m,[u'choice_4'],choice_1,[u'choice_0']
dd6f5f81260ed1db981a5c2dff1725023254243650d2da0dc8509cace6f7695d,4a911401adffc7f642e45a88daf61ef3,m,1991,b,[u'choice_6'],choice_1,[u'choice_0']
e21f302a59944e886416eb98839e0b20e29ecfe8ac06d85fcc8fbb971fa5718c,da438d2ecdb303c1bcf0a1f797caa435,m,1966,p,"[u'choice_2', u'choice_6']",choice_1,[u'choice_0']
2e973442d514a20818801895727fd2afca839f33ae7ed03b22331b72f939288d,71de02c77439ed3ccd784bfa2d26f6da,m,1976,m,[u'choice_6'],choice_1,[u'choice_0']
0cdb8609a8205587ff668b9a1f631dcedce5a8ca82281f0a75b3f85708ec19b4,7f8de7c871efbaff635574798c0b3df0,m,1990,m,[u'choice_6'],choice_1,[u'choice_0']
385fe39d74ee6c6aff33c2bbad41ad709e51365aa1eac184e2443e3cc73bd942,83f03d1634c2aa47efabd6c7b51adc66,,None,,[u'choice_7'],choice_1,[u'choice_0']
517e5839c0e1d8f7a9479f5b3f959110f07cc9f57019016ca5739218120a31ad,f2f5301cdba0800f8c34400126cc6be2,f,1992,m,[u'choice_4'],choice_0,[u'choice_0']
5a40a7f3a3cb12acb0a9ab44e8fb82a6d03c640c73b8ff98d202c74833afe192,dc3ab8b2b484c8dc37b550cdec192007,,None,,[u'choice_0'],choice_1,[u'choice_0']
e9a709a2f65ec0535d521d75f8bab5b794d7df41c4973c1710324c3b5256caff,13ab39e7ceca9d6ee2c1e5c3e38d5341,f,1989,other,[u'choice_0'],choice_1,[u'choice_0']
dc81d0b3dfe3d1a7b0ef9dde766118a0ff257dc4c3ff47fb729beb2e602bf4e3,f7a5bda0e66a71289a7193793c59a799,m,1988,other,[u'choice_8'],choice_1,[u'choice_0']
f18f0efd460cbae86d0e6f82d20c9989bef131ffed3b14dd0af6fdb71397d4c7,6481d5b54503db365c1a1287e8a4906f,m,1984,other,"[u'choice_0', u'choice_1', u'choice_6']",choice_0,[u'choice_0']
f388ccca2b737cba0dc4462c424aa338f0b17abe073d6f3629038efadbff744a,fde76ec7469c4329edbbf0b0d8fe5440,m,1983,hs,"[u'choice_4', u'choice_8']",choice_1,[u'choice_0']
b15890407338b0a7fd7b5f93299f5fc5644e517d1975da4ea6e459434dfca61e,b4d9aaaf968ecd4471a04bbc559ca252,m,1983,b,[u'choice_0'],choice_1,[u'choice_0']
a982ac8b1d03ba2d0b2dc285fcdc950cb751b36d32e9f1652c4793eb8e64f2fc,cba4fba949747956c37a13b2b3161b36,m,1989,b,"[u'choice_0', u'choice_4']",choice_1,[u'choice_0']
c77508331a637edde759f0cd6722bcb7046ac0bdfbd5990b3bdb5fb345e3dba7,625850cb026ca0fcc1f34d958d74e04b,m,1990,m,[u'choice_2'],choice_1,[u'choice_0']
3878233a8d035794c0657c2d7d9c51484fbaf64818ca58e7dbf225e8efe0624e,03479e0e60ddfaf00dfa4a21bdd07f48,,None,,[u'choice_6'],choice_1,[u'choice_0']
5db60e21b2feb14f77e724d783396bc71906b3f61a2b965d2efa609c1dc721d3,56282dc5b3d61678d1d13c3f8e8dad0e,m,1992,m,"[u'choice_0', u'choice_2']",choice_1,[u'choice_0']
700a65dd9fb68659f5a2e02b0e5dc177e9a749c6989db48112e5372456d0973f,30e953fe4678f957516db7ee67a50231,m,1982,m,[u'choice_0'],choice_1,[u'choice_0']
